{"cameraMode":{"drawMode":0,"name":"Shaded","section":"Shading Mode"},"sceneLighting":true,"audioPlay":false,"sceneViewState":{"m_AlwaysRefresh":false,"showFog":true,"showSkybox":false,"showFlares":true,"showImageEffects":true,"showParticleSystems":true,"showVisualEffectGraphs":true,"m_FxEnabled":true},"in2DMode":false,"pivot":{"x":0.07133865356445313,"y":0.34604740142822268,"z":-0.005728721618652344},"rotation":{"x":-0.475896954536438,"y":0.5229736566543579,"z":-0.47560742497444155,"w":-0.5232918858528137},"size":15.761661529541016,"orthographic":false}